codice_ateco,settore,sezione,area_mix,n_vignette,adempimenti,fonti,cast_personaggi,image_prompt,titolo_clickbait,corpo_post,cta_prodotto,cta_url,hashtag,nome_file_webp,drive_folder,stato
47.72.11,Commercio,G,Sicurezza+Privacy,4,Formazione Generale Lavoratori | Formazione GDPR | Sorveglianza Sanitaria / Medico Competente | Procedura Data Breach,Accordo Stato-Regioni | GDPR art.32 | D.Lgs81/08 art.41 | GDPR art.33-34,"CHECKIX>VOLTIX, LUXPECTORIX>MULTIX, PRIVACIX>MULTIX, CONSENSIX>CAOSIX","Crea una PAGINA A FUMETTI INFOGRAFICA verticale formato A4 (1024x1536), altissima qualita, stile ufficiale 'SICURIX TALES': personaggi giocattolo a mattoncini 3D renderizzati (minifigure espressive), ambientazione realistica e dettagliata del settore, TESTI IN ITALIANO GRANDI E PERFETTAMENTE LEGGIBILI (NON storpiare le parole, ortografia corretta). Palette brand 81+: nero #05050A, bianco panna, arancione #FF6A1A/#E8501A; ROSSO per 'PERICOLO', VERDE/BLU per 'SOLUZIONE 81+'. Logo '81+' su ogni riquadro. TEMA: Commercio (ATECO 47.72.11). STRUTTURA OBBLIGATORIA: 1) HEADER: a sinistra il protagonista SICURIX (eroe con mantello, medaglione arancione '81+', bussola/checklist) che parla in un fumetto ('Ciao! Sono SICURIX. Oggi in Commercio scopriamo i pericoli e le soluzioni con il Metodo 81+!'); al centro il grande titolo 'SICURIX TALES'; sottotitolo 'COMMERCIO: Pericolo vs Soluzione con Metodo 81+'; in alto a destra una legenda con 3 voci (spunta verde 'Sicurezza', triangolo rosso 'Rischio', scudo blu '81+ Soluzione Metodo 81+'); sotto una fila di EROI del tema coi nomi: CHECKIX, LUXPECTORIX, PRIVACIX, CONSENSIX. 2) CORPO: vignette NUMERATE a coppie affiancate PERICOLO (sinistra, banda rossa, cattivo NOMINATO) vs SOLUZIONE 81+ (destra, banda blu, eroe con checklist). Contenuti: 1) PERICOLO 'Formazione Generale Lavoratori': il cattivo VOLTIX provoca 'Formazione base' con battuta breve e sotto 'Rischio: ...'; accanto SOLUZIONE 81+: l'eroe CHECKIX applica il Metodo81+ con checklist verde. 2) PERICOLO 'Formazione GDPR': il cattivo MULTIX provoca 'Formazione' con battuta breve e sotto 'Rischio: ...'; accanto SOLUZIONE 81+: l'eroe LUXPECTORIX applica il Metodo81+ con checklist verde. 3) PERICOLO 'Sorveglianza Sanitaria / Medico Competente': il cattivo MULTIX provoca 'Sorveglianza sanitaria' con battuta breve e sotto 'Rischio: ...'; accanto SOLUZIONE 81+: l'eroe PRIVACIX applica il Metodo81+ con checklist verde. 4) PERICOLO 'Procedura Data Breach': il cattivo CAOSIX provoca 'Data breach' con battuta breve e sotto 'Rischio: ...'; accanto SOLUZIONE 81+: l'eroe CONSENSIX applica il Metodo81+ con checklist verde. 3) BLOCCO in basso 'IL METODO 81+ - SICUREZZA OGNI GIORNO' con checklist verde di 4 spunte e gli EROI in fila coi nomi sotto. 4) FOOTER: grande scritta 'Prima vedi. Poi sistemi.'; banner in basso con a sinistra scudo verde 'PROTEGGIAMO. PREVENIAMO. MIGLIORIAMO.' e a destra triangolo rosso 'DISATTENZIONE. RISCHI. COSTI. CAOS.'; al centro logo '81+' e '81plus.net'. CATTIVI (coerenti col canone): VOLTIX, MULTIX, CAOSIX. EROI: CHECKIX, LUXPECTORIX, PRIVACIX, CONSENSIX. IMPORTANTISSIMO: replica ESATTAMENTE lo stile, i personaggi minifigure, i colori e l'impaginazione a griglia delle immagini di riferimento allegate. Ogni etichetta di testo deve essere MOLTO BREVE (1-3 parole), GRANDE, centrata, in ITALIANO con ORTOGRAFIA PERFETTA, senza parole inventate, lettere doppie errate o testo tagliato. TESTI ESATTI da scrivere identici (nient'altro): 'SICURIX TALES', 'COMMERCIO', 'PERICOLO', 'SOLUZIONE 81+', 'Rischio:', 'Metodo 81+', 'Prima vedi. Poi sistemi.', '81plus.net', e i nomi adempimento: 'Formazione Generale Lavoratori', 'Formazione GDPR', 'Sorveglianza Sanitaria / Medico Competente', 'Procedura Data Breach'. NEGATIVE: nessun marchio LEGO reale, nessun personaggio protetto (Asterix ecc.), niente gore/horror, niente claim assoluti ('rischio zero','garantito','zero multe').",Commercio: 3 minuti oggi o un problema enorme domani. Scegli tu.,"Quello che l'ispettore controlla per primo in Commercio (e quasi nessuno lo sa)

In commercio gli adempimenti obbligatori non aspettano: Formazione base, Formazione, Sorveglianza sanitaria, Data breach. In questa pagina TALES OF SICURIX il PERICOLO prende forma... e il METODO81+ lo rimette in ordine, passo dopo passo. Immagina la scena: prima il caos, poi la checklist che sistema tutto. Mettere ordine ora costa poco. Rimediare dopo costa caro.
👉 Iscriviti al corso: Corso lavoratore parte GENERALE 4 ore -> https://81plus.net/?corso=corso-lavoratore-parte-generale-4-ore
▶️ YouTube: youtube.com/@sicurissimo
Contenuto informativo. Prima vedi. Poi sistemi. 81plus.net",Corso lavoratore parte GENERALE 4 ore,https://81plus.net/?corso=corso-lavoratore-parte-generale-4-ore,#TalesOfSicurix #SICURIX #Metodo81 #81plus #Sicurissimo #Sicurezza #Privacy #SicurezzaSulLavoro,SICURIX_TALES_477211_1_22_9_23.webp,https://drive.google.com/drive/folders/1hICKXdl9JTZBL1pemG19oE_661z-EH_k,IMG_OK
52.24.10,Trasporti/Magazzino,H,Sicurezza,1,Documento Valutazione Rischi (DVR),D.Lgs81/08 art.28,LUXPECTORIX>IMPROVVISIX,"Crea una PAGINA A FUMETTI INFOGRAFICA verticale formato A4 (1024x1536), altissima qualita, stile ufficiale 'SICURIX TALES': personaggi giocattolo a mattoncini 3D renderizzati (minifigure espressive), ambientazione realistica e dettagliata del settore, TESTI IN ITALIANO GRANDI E PERFETTAMENTE LEGGIBILI (NON storpiare le parole, ortografia corretta). Palette brand 81+: nero #05050A, bianco panna, arancione #FF6A1A/#E8501A; ROSSO per 'PERICOLO', VERDE/BLU per 'SOLUZIONE 81+'. Logo '81+' su ogni riquadro. TEMA: Trasporti/Magazzino (ATECO 52.24.10). STRUTTURA OBBLIGATORIA: 1) HEADER: a sinistra il protagonista SICURIX (eroe con mantello, medaglione arancione '81+', bussola/checklist) che parla in un fumetto ('Ciao! Sono SICURIX. Oggi in Trasporti/Magazzino scopriamo i pericoli e le soluzioni con il Metodo 81+!'); al centro il grande titolo 'SICURIX TALES'; sottotitolo 'TRASPORTI/MAGAZZINO: Pericolo vs Soluzione con Metodo 81+'; in alto a destra una legenda con 3 voci (spunta verde 'Sicurezza', triangolo rosso 'Rischio', scudo blu '81+ Soluzione Metodo 81+'); sotto una fila di EROI del tema coi nomi: LUXPECTORIX. 2) CORPO: vignette NUMERATE a coppie affiancate PERICOLO (sinistra, banda rossa, cattivo NOMINATO) vs SOLUZIONE 81+ (destra, banda blu, eroe con checklist). Contenuti: 1) PERICOLO 'Documento Valutazione Rischi (DVR)': il cattivo IMPROVVISIX provoca 'Documento' con battuta breve e sotto 'Rischio: ...'; accanto SOLUZIONE 81+: l'eroe LUXPECTORIX applica il Metodo81+ con checklist verde. 3) BLOCCO in basso 'IL METODO 81+ - SICUREZZA OGNI GIORNO' con checklist verde di 1 spunte e gli EROI in fila coi nomi sotto. 4) FOOTER: grande scritta 'Prima vedi. Poi sistemi.'; banner in basso con a sinistra scudo verde 'PROTEGGIAMO. PREVENIAMO. MIGLIORIAMO.' e a destra triangolo rosso 'DISATTENZIONE. RISCHI. COSTI. CAOS.'; al centro logo '81+' e '81plus.net'. CATTIVI (coerenti col canone): IMPROVVISIX. EROI: LUXPECTORIX. IMPORTANTISSIMO: replica ESATTAMENTE lo stile, i personaggi minifigure, i colori e l'impaginazione a griglia delle immagini di riferimento allegate. Ogni etichetta di testo deve essere MOLTO BREVE (1-3 parole), GRANDE, centrata, in ITALIANO con ORTOGRAFIA PERFETTA, senza parole inventate, lettere doppie errate o testo tagliato. TESTI ESATTI da scrivere identici (nient'altro): 'SICURIX TALES', 'TRASPORTI/MAGAZZINO', 'PERICOLO', 'SOLUZIONE 81+', 'Rischio:', 'Metodo 81+', 'Prima vedi. Poi sistemi.', '81plus.net', e i nomi adempimento: 'Documento Valutazione Rischi (DVR)'. NEGATIVE: nessun marchio LEGO reale, nessun personaggio protetto (Asterix ecc.), niente gore/horror, niente claim assoluti ('rischio zero','garantito','zero multe').",Trasporti/Magazzino: la verita su Documento Valutazione Rischi (DVR) (in 30 secondi),"Quello che l'ispettore controlla per primo in Trasporti/Magazzino (e quasi nessuno lo sa)

In trasporti/magazzino gli adempimenti obbligatori non aspettano: Documento. In questa pagina TALES OF SICURIX il PERICOLO prende forma... e il METODO81+ lo rimette in ordine, passo dopo passo. Immagina la scena: prima il caos, poi la checklist che sistema tutto. Non e' burocrazia: e' la tua tranquillita.
👉 Iscriviti al corso: Corso lavoratore parte GENERALE 4 ore -> https://81plus.net/?corso=corso-lavoratore-parte-generale-4-ore
▶️ YouTube: youtube.com/@sicurissimo
Contenuto informativo. Prima vedi. Poi sistemi. 81plus.net",Corso lavoratore parte GENERALE 4 ore,https://81plus.net/?corso=corso-lavoratore-parte-generale-4-ore,#TalesOfSicurix #SICURIX #Metodo81 #81plus #Sicurissimo #Sicurezza #SicurezzaSulLavoro,SICURIX_TALES_522410_0.webp,https://drive.google.com/drive/folders/1hICKXdl9JTZBL1pemG19oE_661z-EH_k,IMG_OK
46.24.01,Commercio,G,Privacy+Sicurezza,4,Informativa e Consensi | Formazione Preposto | Nomina Incaricati/Responsabili | Uso e Formazione DPI,GDPR art.13 | D.Lgs81/08 art.37 | GDPR art.28-29 | D.Lgs81/08 art.77,"DOCUMIX>CANCELIX, PREPOSTIX>NONDPIX, TRACCIX>CANCELIX, ROBOTIX81>CHIMIKIX","Crea una PAGINA A FUMETTI INFOGRAFICA verticale formato A4 (1024x1536), altissima qualita, stile ufficiale 'SICURIX TALES': personaggi giocattolo a mattoncini 3D renderizzati (minifigure espressive), ambientazione realistica e dettagliata del settore, TESTI IN ITALIANO GRANDI E PERFETTAMENTE LEGGIBILI (NON storpiare le parole, ortografia corretta). Palette brand 81+: nero #05050A, bianco panna, arancione #FF6A1A/#E8501A; ROSSO per 'PERICOLO', VERDE/BLU per 'SOLUZIONE 81+'. Logo '81+' su ogni riquadro. TEMA: Commercio (ATECO 46.24.01). STRUTTURA OBBLIGATORIA: 1) HEADER: a sinistra il protagonista SICURIX (eroe con mantello, medaglione arancione '81+', bussola/checklist) che parla in un fumetto ('Ciao! Sono SICURIX. Oggi in Commercio scopriamo i pericoli e le soluzioni con il Metodo 81+!'); al centro il grande titolo 'SICURIX TALES'; sottotitolo 'COMMERCIO: Pericolo vs Soluzione con Metodo 81+'; in alto a destra una legenda con 3 voci (spunta verde 'Sicurezza', triangolo rosso 'Rischio', scudo blu '81+ Soluzione Metodo 81+'); sotto una fila di EROI del tema coi nomi: DOCUMIX, PREPOSTIX, TRACCIX, ROBOTIX81. 2) CORPO: vignette NUMERATE a coppie affiancate PERICOLO (sinistra, banda rossa, cattivo NOMINATO) vs SOLUZIONE 81+ (destra, banda blu, eroe con checklist). Contenuti: 1) PERICOLO 'Informativa e Consensi': il cattivo CANCELIX provoca 'Documento' con battuta breve e sotto 'Rischio: ...'; accanto SOLUZIONE 81+: l'eroe DOCUMIX applica il Metodo81+ con checklist verde. 2) PERICOLO 'Formazione Preposto': il cattivo NONDPIX provoca 'Ruolo/Preposto' con battuta breve e sotto 'Rischio: ...'; accanto SOLUZIONE 81+: l'eroe PREPOSTIX applica il Metodo81+ con checklist verde. 3) PERICOLO 'Nomina Incaricati/Responsabili': il cattivo CANCELIX provoca 'Nomine' con battuta breve e sotto 'Rischio: ...'; accanto SOLUZIONE 81+: l'eroe TRACCIX applica il Metodo81+ con checklist verde. 4) PERICOLO 'Uso e Formazione DPI': il cattivo CHIMIKIX provoca 'DPI' con battuta breve e sotto 'Rischio: ...'; accanto SOLUZIONE 81+: l'eroe ROBOTIX81 applica il Metodo81+ con checklist verde. 3) BLOCCO in basso 'IL METODO 81+ - SICUREZZA OGNI GIORNO' con checklist verde di 4 spunte e gli EROI in fila coi nomi sotto. 4) FOOTER: grande scritta 'Prima vedi. Poi sistemi.'; banner in basso con a sinistra scudo verde 'PROTEGGIAMO. PREVENIAMO. MIGLIORIAMO.' e a destra triangolo rosso 'DISATTENZIONE. RISCHI. COSTI. CAOS.'; al centro logo '81+' e '81plus.net'. CATTIVI (coerenti col canone): CANCELIX, NONDPIX, CHIMIKIX. EROI: DOCUMIX, PREPOSTIX, TRACCIX, ROBOTIX81. IMPORTANTISSIMO: replica ESATTAMENTE lo stile, i personaggi minifigure, i colori e l'impaginazione a griglia delle immagini di riferimento allegate. Ogni etichetta di testo deve essere MOLTO BREVE (1-3 parole), GRANDE, centrata, in ITALIANO con ORTOGRAFIA PERFETTA, senza parole inventate, lettere doppie errate o testo tagliato. TESTI ESATTI da scrivere identici (nient'altro): 'SICURIX TALES', 'COMMERCIO', 'PERICOLO', 'SOLUZIONE 81+', 'Rischio:', 'Metodo 81+', 'Prima vedi. Poi sistemi.', '81plus.net', e i nomi adempimento: 'Informativa e Consensi', 'Formazione Preposto', 'Nomina Incaricati/Responsabili', 'Uso e Formazione DPI'. NEGATIVE: nessun marchio LEGO reale, nessun personaggio protetto (Asterix ecc.), niente gore/horror, niente claim assoluti ('rischio zero','garantito','zero multe').",La differenza tra chi in Commercio dorme sereno e chi trema al controllo,"La differenza tra chi in Commercio dorme sereno e chi trema al controllo

In commercio gli adempimenti obbligatori non aspettano: Documento, Ruolo/Preposto, Nomine, DPI. In questa pagina TALES OF SICURIX il PERICOLO prende forma... e il METODO81+ lo rimette in ordine, passo dopo passo. Immagina la scena: prima il caos, poi la checklist che sistema tutto. Mettere ordine ora costa poco. Rimediare dopo costa caro.
👉 Iscriviti al corso: Corso privacy destinato ai lavoratori -> https://81plus.net/?corso=corso-privacy-destinato-ai-lavoratori
▶️ YouTube: youtube.com/@sicurissimo
Contenuto informativo. Prima vedi. Poi sistemi. 81plus.net",Corso privacy destinato ai lavoratori,https://81plus.net/?corso=corso-privacy-destinato-ai-lavoratori,#TalesOfSicurix #SICURIX #Metodo81 #81plus #Sicurissimo #Privacy #Sicurezza #SicurezzaSulLavoro,SICURIX_TALES_462401_19_3_21_8.webp,https://drive.google.com/drive/folders/1hICKXdl9JTZBL1pemG19oE_661z-EH_k,IMG_OK
